Index,Country,Rank (2015),Happiness Score (2015),Family (2015),Health (2015),Freedom (2015),Perceptions of Corruption (2015),Generosity (2015),Rank (2016),Happiness Score (2016),Family (2016),Health (2016),Freedom (2016),Perceptions of Corruption (2016),Generosity (2016),Rank (2017),Happiness Score (2017),Family (2017),Health (2017),Freedom (2017),Perceptions of Corruption (2017),Generosity (2017),Rank (2018),Happiness Score (2018),Family (2018),Health (2018),Freedom (2018),Perceptions of Corruption (2018),Generosity (2018),Rank (2019),Happiness Score (2019),Family (2019),Health (2019),Freedom (2019),Perceptions of Corruption (2019),Generosity (2019),Rank (2022),Happiness Score (2022),Family (2022),Health (2022),Freedom (2022),Perceptions of Corruption (2022),Generosity (2022)
0,Switzerland,1.0,7.587000000000001,1.34951,0.9414299999999999,0.66557,0.41978000000000004,0.29678000000000004,2.0,7.5089999999999995,1.14524,0.86303,0.58557,0.41203,0.28083,4.0,7.49399995803833,1.51691174507141,0.858131289482117,0.620070576667786,0.36700728535652205,0.29054927825927696,5.0,7.487,1.5490000000000002,0.927,0.66,0.35700000000000004,0.256,6.0,7.48,1.526,1.052,0.5720000000000001,0.34299999999999997,0.263,4.0,7.5120000000000005,1.226,0.8220000000000001,0.677,0.461,0.147
1,Iceland,2.0,7.561,1.4022299999999999,0.94784,0.6287699999999999,0.14145,0.4363,3.0,7.501,1.18326,0.8673299999999999,0.56624,0.14975,0.47678000000000004,3.0,7.50400018692017,1.6105740070343,0.8335521221160892,0.6271626353263849,0.15352655947208402,0.47554022073745705,4.0,7.495,1.6440000000000001,0.914,0.677,0.138,0.353,4.0,7.494,1.624,1.026,0.591,0.11800000000000001,0.354,3.0,7.557,1.32,0.8029999999999999,0.718,0.191,0.27
2,Denmark,3.0,7.527,1.36058,0.87464,0.6493800000000001,0.48357,0.34139,1.0,7.526,1.16374,0.79504,0.5794100000000001,0.44453000000000004,0.36171,2.0,7.52199983596802,1.55112159252167,0.7925655245780941,0.626006722450256,0.40077006816863997,0.3552804887294771,3.0,7.555,1.59,0.868,0.6829999999999999,0.408,0.284,2.0,7.6,1.5730000000000002,0.996,0.5920000000000001,0.41,0.252,2.0,7.636,1.2429999999999999,0.777,0.7190000000000001,0.532,0.188
3,Norway,4.0,7.522,1.33095,0.88521,0.66973,0.36503,0.34699,4.0,7.497999999999999,1.1269,0.79579,0.59609,0.35775999999999997,0.37895,1.0,7.537000179290769,1.53352355957031,0.796666502952576,0.635422587394714,0.31596383452415505,0.36201223731041,2.0,7.593999999999999,1.5819999999999999,0.861,0.6859999999999999,0.34,0.28600000000000003,3.0,7.553999999999999,1.5819999999999999,1.028,0.603,0.341,0.271,8.0,7.365,1.239,0.7859999999999999,0.728,0.474,0.217
4,Canada,5.0,7.4270000000000005,1.32261,0.9056299999999999,0.63297,0.32957,0.45811,6.0,7.404,1.0961,0.8276,0.5737,0.31329,0.44833999999999996,7.0,7.31599998474121,1.48134899139404,0.83455765247345,0.611100912094116,0.287371516227722,0.435539722442627,7.0,7.327999999999999,1.5319999999999998,0.8959999999999999,0.653,0.29100000000000004,0.321,9.0,7.278,1.505,1.0390000000000001,0.584,0.308,0.285,15.0,7.025,1.188,0.7829999999999999,0.659,0.368,0.217
5,Finland,6.0,7.406000000000001,1.31826,0.8891100000000001,0.64169,0.41372,0.23351,5.0,7.412999999999999,1.1346399999999999,0.81091,0.57104,0.41003999999999996,0.25492,5.0,7.468999862670901,1.5402467250824,0.80915766954422,0.6179508566856379,0.38261154294014,0.24548277258873,1.0,7.632000000000001,1.5919999999999999,0.8740000000000001,0.6809999999999999,0.39299999999999996,0.20199999999999999,1.0,7.769,1.587,0.986,0.596,0.39299999999999996,0.153,1.0,7.821000000000001,1.258,0.775,0.736,0.534,0.109
6,Netherlands,7.0,7.377999999999999,1.28017,0.89284,0.6157600000000001,0.31814000000000003,0.4761,7.0,7.3389999999999995,1.02912,0.8123100000000001,0.55211,0.29927,0.47416,6.0,7.3769998550415,1.42893922328949,0.8106961250305179,0.5853844881057739,0.282661825418472,0.47048982977867104,6.0,7.441,1.4880000000000002,0.878,0.638,0.295,0.33299999999999996,5.0,7.4879999999999995,1.5219999999999998,0.9990000000000001,0.557,0.298,0.322,5.0,7.415,1.206,0.787,0.6509999999999999,0.419,0.271
7,Sweden,8.0,7.364,1.2890700000000002,0.9108700000000001,0.6598,0.43843999999999994,0.36262,10.0,7.291,1.08764,0.83121,0.58218,0.40867,0.38254,9.0,7.28399991989136,1.47816216945648,0.830875158309937,0.612924098968506,0.384398728609085,0.38539925217628496,9.0,7.314,1.501,0.9129999999999999,0.659,0.38299999999999995,0.285,7.0,7.343,1.4869999999999999,1.0090000000000001,0.574,0.373,0.267,7.0,7.3839999999999995,1.204,0.8029999999999999,0.7240000000000001,0.512,0.218
8,New Zealand,9.0,7.2860000000000005,1.3196700000000001,0.9083700000000001,0.6393800000000001,0.42922,0.47501000000000004,8.0,7.334,1.17278,0.83096,0.5814699999999999,0.41903999999999997,0.49401000000000006,8.0,7.31400012969971,1.54819512367249,0.816759705543518,0.6140621304512021,0.38281670212745705,0.500005125999451,8.0,7.324,1.601,0.8759999999999999,0.669,0.389,0.365,8.0,7.307,1.557,1.026,0.585,0.38,0.33,10.0,7.2,1.235,0.752,0.68,0.483,0.245
9,Australia,10.0,7.284,1.30923,0.93156,0.6512399999999999,0.35636999999999996,0.43562,9.0,7.313,1.10476,0.8512,0.5683699999999999,0.32331,0.47407,10.0,7.28399991989136,1.5100419521331798,0.84388679265976,0.601607382297516,0.301183730363846,0.47769924998283403,10.0,7.272,1.5730000000000002,0.91,0.647,0.302,0.361,11.0,7.228,1.548,1.036,0.557,0.29,0.332,12.0,7.162000000000001,1.203,0.772,0.6759999999999999,0.341,0.258
10,Israel,11.0,7.278,1.22393,0.9138700000000001,0.41318999999999995,0.07785,0.33171999999999996,11.0,7.267,0.9953700000000001,0.8491700000000001,0.36432,0.08728,0.32288,11.0,7.212999820709231,1.37628996372223,0.83840399980545,0.40598860383033797,0.0852421000599861,0.330082654953003,19.0,6.814,1.5590000000000002,0.883,0.5329999999999999,0.272,0.354,13.0,7.138999999999999,1.455,1.0290000000000001,0.371,0.08199999999999999,0.261,9.0,7.364,1.2209999999999999,0.818,0.568,0.14300000000000002,0.155
11,Costa Rica,12.0,7.226,1.2378799999999999,0.8602700000000001,0.63376,0.10583,0.25497,14.0,7.087000000000001,1.02152,0.76146,0.55225,0.10547000000000001,0.22553,12.0,7.0789999961853,1.4164036512374898,0.7595092654228209,0.580131649971008,0.100106589496136,0.21461322903633104,13.0,7.072,1.459,0.8170000000000001,0.632,0.10099999999999999,0.14300000000000002,12.0,7.167000000000001,1.4409999999999998,0.963,0.5579999999999999,0.09300000000000001,0.14400000000000002,23.0,6.582000000000001,1.054,0.7440000000000001,0.6609999999999999,0.102,0.08900000000000001
12,Austria,13.0,7.2,1.29704,0.8904200000000001,0.62433,0.18675999999999998,0.33088,12.0,7.119,1.0838299999999998,0.80565,0.54355,0.21348000000000003,0.32865,13.0,7.00600004196167,1.4599449634552,0.8153284192085269,0.567766189575195,0.22106036543846105,0.316472321748734,12.0,7.138999999999999,1.504,0.8909999999999999,0.617,0.22399999999999998,0.242,10.0,7.246,1.475,1.016,0.532,0.226,0.244,11.0,7.162999999999999,1.165,0.774,0.623,0.32899999999999996,0.193
13,Mexico,14.0,7.187,0.91451,0.8144399999999999,0.48181,0.21311999999999998,0.14074,21.0,6.778,0.7146,0.71143,0.37709000000000004,0.18355,0.11735,25.0,6.57800006866455,1.2108621597290001,0.709978997707367,0.412730008363724,0.132774114608765,0.12099043279886199,24.0,6.4879999999999995,1.252,0.7609999999999999,0.479,0.095,0.069,23.0,6.595,1.3230000000000002,0.861,0.433,0.073,0.07400000000000001,46.0,6.127999999999999,0.8859999999999999,0.623,0.621,0.115,0.092
14,United States,15.0,7.119,1.24711,0.86179,0.54604,0.1589,0.40105,13.0,7.104,1.04782,0.779,0.48163,0.14868,0.41076999999999997,14.0,6.993000030517581,1.4199205636978103,0.7742866277694699,0.505740523338318,0.135638788342476,0.392578780651093,18.0,6.886,1.4709999999999999,0.8190000000000001,0.547,0.133,0.29100000000000004,19.0,6.892,1.4569999999999999,0.8740000000000001,0.45399999999999996,0.128,0.28,16.0,6.977,1.182,0.628,0.574,0.177,0.22
15,Brazil,16.0,6.983,1.2328700000000001,0.69702,0.49049,0.17521,0.14574,17.0,6.952000000000001,1.03938,0.61415,0.40425,0.14165999999999998,0.15775999999999998,22.0,6.6350002288818395,1.43130600452423,0.6165523529052729,0.437453746795654,0.11109276115894301,0.16234989464282998,28.0,6.419,1.474,0.675,0.493,0.08800000000000001,0.11,32.0,6.3,1.439,0.802,0.39,0.086,0.099,38.0,6.292999999999999,1.044,0.615,0.546,0.134,0.131
17,Ireland,18.0,6.94,1.36948,0.89533,0.6177699999999999,0.28703,0.45901000000000003,19.0,6.907,1.16157,0.81455,0.54008,0.29754,0.44963000000000003,15.0,6.9770002365112305,1.5582311153411899,0.8097826242446899,0.5731103420257571,0.29838815331459007,0.42785832285881,14.0,6.977,1.5830000000000002,0.8759999999999999,0.614,0.306,0.307,16.0,7.021,1.5530000000000002,0.9990000000000001,0.516,0.31,0.298,13.0,7.041,1.166,0.779,0.627,0.408,0.19
18,Belgium,19.0,6.937,1.28566,0.8966700000000001,0.5845,0.2254,0.2225,18.0,6.928999999999999,1.05249,0.8195899999999999,0.51354,0.26248,0.2424,17.0,6.89099979400635,1.4623126983642598,0.8180918693542479,0.5397707223892211,0.251343131065369,0.23150333762168898,16.0,6.9270000000000005,1.483,0.894,0.583,0.24,0.188,18.0,6.922999999999999,1.504,0.986,0.473,0.21,0.16,19.0,6.805,1.1059999999999999,0.764,0.49200000000000005,0.204,0.049
19,United Kingdom,21.0,6.867000000000001,1.28548,0.90943,0.59625,0.32066999999999996,0.51912,23.0,6.725,1.0867200000000001,0.80991,0.50036,0.27399,0.50156,19.0,6.71400022506714,1.4964600801467902,0.805335938930511,0.508190035820007,0.265428066253662,0.492774158716202,11.0,7.19,1.433,0.888,0.46399999999999997,0.08199999999999999,0.262,15.0,7.053999999999999,1.538,0.996,0.45,0.278,0.348,17.0,6.943,1.143,0.75,0.597,0.32899999999999996,0.289
20,Venezuela,23.0,6.81,1.25596,0.7205199999999999,0.42908,0.11069000000000001,0.058410000000000004,44.0,6.084,1.03302,0.6190399999999999,0.19847,0.08304,0.0425,82.0,5.25,1.43133759498596,0.617144227027893,0.15399712324142498,0.0644911229610443,0.0650196298956871,102.0,4.806,1.469,0.657,0.133,0.052000000000000005,0.055999999999999994,108.0,4.707,1.4269999999999998,0.805,0.154,0.047,0.064,108.0,4.925,0.968,0.578,0.28300000000000003,0.08199999999999999,0.225
21,Singapore,24.0,6.797999999999999,1.02,1.02525,0.54252,0.4921,0.31105,22.0,6.739,0.8675799999999999,0.94719,0.4877,0.46986999999999995,0.32706,26.0,6.57200002670288,1.35381436347961,0.9494923949241642,0.549840569496155,0.46430778503417997,0.345965981483459,34.0,6.343,1.4509999999999998,1.008,0.631,0.457,0.261,34.0,6.2620000000000005,1.463,1.141,0.556,0.45299999999999996,0.271,27.0,6.48,1.127,0.851,0.672,0.5870000000000001,0.163
22,Panama,25.0,6.7860000000000005,1.1985,0.79661,0.5421,0.0927,0.24434,25.0,6.7010000000000005,0.9891200000000001,0.70835,0.48927,0.08423,0.2418,30.0,6.4520001411438,1.3731925487518302,0.706156134605408,0.550026834011078,0.070983923971653,0.21055693924427,27.0,6.43,1.4380000000000002,0.759,0.597,0.063,0.125,31.0,6.321000000000001,1.442,0.91,0.516,0.054000000000000006,0.109,37.0,6.309,1.107,0.7090000000000001,0.5920000000000001,0.051,0.049
23,Germany,26.0,6.75,1.2993700000000001,0.89186,0.6147699999999999,0.21843,0.28214,16.0,6.994,1.09774,0.81487,0.53466,0.28551,0.30451999999999996,16.0,6.9510002136230495,1.47252035140991,0.798950731754303,0.562511384487152,0.276731938123703,0.33626917004585305,15.0,6.965,1.474,0.861,0.586,0.28,0.273,17.0,6.985,1.454,0.987,0.495,0.265,0.261,14.0,7.034,1.088,0.7759999999999999,0.585,0.358,0.163
24,Chile,27.0,6.67,1.12447,0.85857,0.44132,0.12869,0.33363000000000004,24.0,6.705,0.9058700000000001,0.8188300000000001,0.37789,0.11450999999999999,0.31595,20.0,6.65199995040894,1.28402495384216,0.8194797039031979,0.376895278692245,0.0822879821062088,0.3266624212265011,25.0,6.476,1.331,0.8079999999999999,0.431,0.061,0.19699999999999998,26.0,6.444,1.369,0.92,0.35700000000000004,0.055999999999999994,0.187,44.0,6.172000000000001,1.08,0.748,0.46,0.069,0.124
26,France,29.0,6.575,1.2603799999999998,0.9457899999999999,0.55011,0.20646,0.12332,32.0,6.478,1.00508,0.83795,0.46562,0.17808,0.1216,31.0,6.44199991226196,1.38777685165405,0.8444658517837521,0.470222115516663,0.172502428293228,0.129762306809425,23.0,6.489,1.466,0.9079999999999999,0.52,0.17600000000000002,0.098,24.0,6.5920000000000005,1.472,1.045,0.436,0.183,0.111,20.0,6.687,1.219,0.8079999999999999,0.5670000000000001,0.266,0.07
27,Argentina,30.0,6.574,1.24823,0.78723,0.44974,0.08484,0.11450999999999999,26.0,6.65,1.0661200000000002,0.69711,0.42283999999999994,0.07296,0.10989000000000002,24.0,6.59899997711182,1.44045114517212,0.695137083530426,0.49451920390129106,0.05973988771438599,0.109457060694695,29.0,6.388,1.4680000000000002,0.7440000000000001,0.57,0.054000000000000006,0.062,47.0,6.086,1.432,0.8809999999999999,0.47100000000000003,0.05,0.066,57.0,5.9670000000000005,1.102,0.662,0.555,0.085,0.081
29,Uruguay,32.0,6.485,1.2089,0.8116,0.6036199999999999,0.24558000000000002,0.2324,29.0,6.545,1.0314299999999998,0.72183,0.54388,0.21394000000000002,0.18056,28.0,6.4539999961853,1.4122278690338101,0.719216823577881,0.5793922543525699,0.17806187272071802,0.175096929073334,31.0,6.379,1.459,0.7709999999999999,0.625,0.155,0.13,33.0,6.292999999999999,1.465,0.8909999999999999,0.523,0.15,0.127,30.0,6.474,1.18,0.672,0.665,0.265,0.10300000000000001
30,Colombia,33.0,6.477,1.2401799999999998,0.69077,0.53466,0.0512,0.18400999999999998,31.0,6.481,1.02169,0.59659,0.44735,0.053989999999999996,0.15625999999999998,36.0,6.35699987411499,1.4021829366683998,0.595027923583984,0.47748741507530196,0.0466687418520451,0.14901447296142598,37.0,6.26,1.439,0.635,0.531,0.039,0.099,43.0,6.125,1.41,0.841,0.47,0.034,0.099,66.0,5.781000000000001,0.929,0.72,0.545,0.077,0.087
31,Thailand,34.0,6.455,1.26504,0.7385,0.5566399999999999,0.031869999999999996,0.5763,33.0,6.474,1.04477,0.64915,0.49553,0.02833,0.58696,32.0,6.4239997863769505,1.4257924556732198,0.647239029407501,0.580200731754303,0.0316127352416515,0.572123110294342,46.0,6.072,1.4169999999999998,0.7070000000000001,0.637,0.028999999999999998,0.364,52.0,6.007999999999999,1.409,0.828,0.557,0.027999999999999997,0.359,61.0,5.891,1.0959999999999999,0.6970000000000001,0.617,0.026000000000000002,0.321
32,Saudi Arabia,35.0,6.4110000000000005,1.0839299999999998,0.72025,0.31048000000000003,0.32524000000000003,0.13706,34.0,6.379,0.84829,0.59267,0.37904,0.30008,0.15457,37.0,6.343999862670901,1.28667759895325,0.590148329734802,0.449750572443008,0.27343225479126004,0.147616013884544,33.0,6.371,1.331,0.633,0.509,0.127,0.098,28.0,6.375,1.357,0.795,0.439,0.132,0.08,25.0,6.523,1.092,0.5770000000000001,0.6509999999999999,0.18,0.078
33,Spain,36.0,6.329,1.31379,0.95562,0.45951000000000003,0.06398,0.18227000000000002,37.0,6.361000000000001,1.12945,0.8789600000000001,0.37545,0.06137000000000001,0.17665,34.0,6.40299987792969,1.53209090232849,0.888960599899292,0.408781230449677,0.0709140971302986,0.190133571624756,36.0,6.31,1.538,0.965,0.449,0.07400000000000001,0.142,30.0,6.354,1.484,1.062,0.36200000000000004,0.079,0.153,29.0,6.476,1.2109999999999999,0.8079999999999999,0.505,0.149,0.10099999999999999
34,Malta,37.0,6.3020000000000005,1.30203,0.88721,0.60365,0.13585999999999998,0.51752,30.0,6.4879999999999995,1.09879,0.80315,0.54994,0.17554,0.56237,27.0,6.52699995040894,1.48841166496277,0.821944236755371,0.588767051696777,0.153066068887711,0.5747305750846861,22.0,6.627000000000001,1.525,0.884,0.645,0.142,0.376,22.0,6.726,1.52,0.9990000000000001,0.564,0.151,0.375,33.0,6.447,1.169,0.789,0.679,0.166,0.174
36,El Salvador,42.0,6.13,1.0250700000000001,0.67737,0.4035,0.11775999999999999,0.10692,46.0,6.068,0.80975,0.596,0.37269,0.10613,0.08877,45.0,6.002999782562259,1.1821250915527302,0.596018552780151,0.432452529668808,0.0899809598922729,0.0782579854130745,40.0,6.167000000000001,1.2309999999999999,0.639,0.461,0.08199999999999999,0.065,35.0,6.252999999999999,1.242,0.789,0.43,0.07400000000000001,0.09300000000000001,49.0,6.12,0.768,0.607,0.6659999999999999,0.212,0.08900000000000001
38,Uzbekistan,44.0,6.002999999999999,1.34043,0.59772,0.6582100000000001,0.30826,0.22837,49.0,5.987,1.1681,0.50163,0.60848,0.28333,0.34326,47.0,5.97100019454956,1.5489691495895401,0.498272627592087,0.6582486629486078,0.246528223156929,0.41598364710807795,44.0,6.096,1.584,0.605,0.7240000000000001,0.259,0.32799999999999996,41.0,6.1739999999999995,1.5290000000000001,0.7559999999999999,0.631,0.24,0.322,53.0,6.063,1.092,0.6,0.716,0.24,0.28300000000000003
39,Slovakia,45.0,5.995,1.26999,0.7890199999999999,0.31751,0.03431,0.16893,45.0,6.077999999999999,1.0826799999999999,0.70367,0.23390999999999998,0.02947,0.13837,40.0,6.09800004959106,1.5050592422485398,0.712732911109924,0.295817464590073,0.0242108516395092,0.136544480919838,39.0,6.172999999999999,1.537,0.7759999999999999,0.354,0.013999999999999999,0.11800000000000001,38.0,6.1979999999999995,1.504,0.8809999999999999,0.33399999999999996,0.013999999999999999,0.121,35.0,6.391,1.232,0.7070000000000001,0.479,0.025,0.11800000000000001
40,Japan,46.0,5.987,1.25712,0.99111,0.49615,0.1806,0.10705,53.0,5.921,1.06054,0.91491,0.46761,0.18985,0.10224,51.0,5.92000007629395,1.43633782863617,0.9134758710861209,0.505625545978546,0.163760736584663,0.12057276815175999,54.0,5.915,1.462,0.988,0.5529999999999999,0.15,0.079,58.0,5.886,1.419,1.088,0.445,0.14,0.069,54.0,6.039,1.089,0.866,0.537,0.218,0.006999999999999999
41,South Korea,47.0,5.984,0.9577399999999999,0.9653799999999999,0.33208000000000004,0.07857,0.18557,57.0,5.835,0.7219399999999999,0.88645,0.25168,0.07716,0.18824000000000002,55.0,5.837999820709231,1.1282744407653797,0.900214076042175,0.257921665906906,0.0632826685905457,0.206674367189407,57.0,5.875,1.204,0.955,0.244,0.051,0.175,54.0,5.895,1.219,1.036,0.159,0.055999999999999994,0.175,59.0,5.935,0.8859999999999999,0.841,0.414,0.17600000000000002,0.111
42,Ecuador,48.0,5.975,0.99903,0.79075,0.48573999999999995,0.1809,0.11540999999999998,51.0,5.976,0.85974,0.68613,0.4027,0.18037,0.10074,44.0,6.00799989700317,1.2861688137054401,0.685636222362518,0.4551981985569,0.140134647488594,0.15011246502399403,48.0,5.973,1.33,0.736,0.556,0.12,0.114,50.0,6.028,1.3119999999999998,0.868,0.498,0.087,0.126,76.0,5.5329999999999995,0.879,0.708,0.565,0.083,0.08
43,Bahrain,49.0,5.96,1.21624,0.74716,0.45492,0.306,0.17362,42.0,6.218,0.9439700000000001,0.65696,0.47375,0.25772,0.17147,41.0,6.08699989318848,1.3231104612350502,0.653133034706116,0.536746919155121,0.257042169570923,0.17266848683357197,43.0,6.105,1.3659999999999999,0.698,0.594,0.12300000000000001,0.243,37.0,6.199,1.368,0.871,0.536,0.11,0.255,21.0,6.647,1.0290000000000001,0.625,0.693,0.155,0.19899999999999998
44,Italy,50.0,5.9479999999999995,1.19777,0.9544600000000001,0.26236,0.02901,0.22823000000000002,50.0,5.977,1.04167,0.8510200000000001,0.18827,0.02556,0.16684000000000002,48.0,5.96400022506714,1.44492328166962,0.8531443476676941,0.256450712680817,0.0280280914157629,0.17278964817523998,47.0,6.0,1.501,0.946,0.281,0.027999999999999997,0.13699999999999998,36.0,6.223,1.4880000000000002,1.0390000000000001,0.231,0.03,0.158,31.0,6.4670000000000005,1.052,0.8009999999999999,0.41200000000000003,0.059000000000000004,0.085
45,Bolivia,51.0,5.89,0.97841,0.5392,0.57414,0.08800000000000001,0.20536,59.0,5.822,0.8377899999999999,0.4697,0.50961,0.07746,0.21698,58.0,5.82299995422363,1.2276190519332901,0.47363024950027505,0.5587329268455511,0.0604777261614799,0.22556072473526,62.0,5.752000000000001,1.2229999999999999,0.508,0.606,0.054000000000000006,0.141,61.0,5.779,1.209,0.706,0.511,0.064,0.13699999999999998,71.0,5.6,0.88,0.555,0.627,0.064,0.11199999999999999
46,Moldova,52.0,5.888999999999999,1.01528,0.61826,0.32818,0.01615,0.20951,55.0,5.897,0.8313200000000001,0.5230899999999999,0.25201999999999997,0.019030000000000002,0.19997,56.0,5.837999820709231,1.25182557106018,0.5894652009010309,0.24072904884815197,0.0100912861526012,0.20877912640571603,67.0,5.64,1.301,0.62,0.23199999999999998,0.0,0.171,71.0,5.529,1.328,0.7390000000000001,0.245,0.0,0.18100000000000002,62.0,5.857,1.008,0.597,0.561,0.027999999999999997,0.102
47,Paraguay,53.0,5.877999999999999,1.30477,0.66098,0.53899,0.08242000000000001,0.3424,70.0,5.537999999999999,1.11111,0.58295,0.46235,0.07396,0.25296,70.0,5.493000030517581,1.50728487968445,0.579250693321228,0.473507791757584,0.091065913438797,0.224150657653809,64.0,5.681,1.5219999999999998,0.615,0.541,0.07400000000000001,0.162,63.0,5.742999999999999,1.475,0.777,0.514,0.08,0.184,73.0,5.577999999999999,1.13,0.624,0.629,0.059000000000000004,0.171
48,Kazakhstan,54.0,5.855,1.1224100000000001,0.64368,0.51649,0.08454,0.11827,54.0,5.919,0.95544,0.57386,0.4052,0.11132,0.15011,60.0,5.8189997673034695,1.3843690156936599,0.6060415506362921,0.43745428323745705,0.11928288638591802,0.20196442306041698,60.0,5.79,1.516,0.631,0.45399999999999996,0.121,0.14800000000000002,60.0,5.809,1.508,0.7290000000000001,0.41,0.096,0.146,40.0,6.234,1.22,0.611,0.584,0.157,0.134
49,Slovenia,55.0,5.848,1.27385,0.8733700000000001,0.60855,0.03787,0.25328,63.0,5.768,1.05613,0.79151,0.53164,0.03635,0.25738,62.0,5.75799989700317,1.4525188207626298,0.7908282279968258,0.572575807571411,0.0451289787888527,0.242649093270302,51.0,5.9479999999999995,1.506,0.856,0.633,0.051,0.16,44.0,6.117999999999999,1.5230000000000001,0.953,0.564,0.057,0.14400000000000002,22.0,6.63,1.249,0.769,0.685,0.115,0.11800000000000001
50,Lithuania,56.0,5.832999999999999,1.25745,0.73128,0.21341999999999997,0.01031,0.026410000000000003,60.0,5.813,1.0641100000000001,0.64674,0.18929,0.0182,0.02025,52.0,5.90199995040894,1.47351610660553,0.62894994020462,0.234231784939766,0.0118656428530812,0.010164656676352,50.0,5.952000000000001,1.527,0.716,0.35,0.006,0.026000000000000002,42.0,6.149,1.515,0.818,0.29100000000000004,0.042,0.043,34.0,6.446000000000001,1.204,0.659,0.496,0.077,0.053
51,Nicaragua,57.0,5.827999999999999,1.14184,0.7431399999999999,0.55475,0.19317,0.27815,48.0,5.992000000000001,0.8952100000000001,0.65213,0.46581999999999996,0.16292,0.29773,43.0,6.07100009918213,1.28721570968628,0.6530959606170649,0.447551846504211,0.130687981843948,0.301674216985703,41.0,6.141,1.319,0.7,0.527,0.128,0.20800000000000002,45.0,6.105,1.325,0.835,0.435,0.127,0.2,45.0,6.165,1.0290000000000001,0.617,0.617,0.212,0.168
52,Peru,58.0,5.824,0.97459,0.73017,0.41496000000000005,0.05989,0.14982,64.0,5.742999999999999,0.81255,0.6299399999999999,0.37501999999999996,0.05292,0.14527,63.0,5.71500015258789,1.21877038478851,0.6301661133766171,0.45000287890434293,0.0470490865409374,0.126819714903831,65.0,5.662999999999999,1.249,0.674,0.53,0.034,0.092,65.0,5.697,1.274,0.8540000000000001,0.455,0.027000000000000003,0.083,74.0,5.559,0.865,0.735,0.545,0.037000000000000005,0.09
54,Poland,60.0,5.791,1.27948,0.77903,0.53122,0.04212,0.16759000000000002,57.0,5.835,1.04685,0.69058,0.4519,0.055,0.14443,46.0,5.97300004959106,1.44571197032928,0.699475347995758,0.520342111587524,0.0593078061938286,0.158465966582298,42.0,6.122999999999999,1.4480000000000002,0.7809999999999999,0.546,0.064,0.10800000000000001,40.0,6.182,1.4380000000000002,0.884,0.483,0.05,0.11699999999999999,48.0,6.122999999999999,1.1740000000000002,0.7120000000000001,0.523,0.14,0.124
55,Malaysia,61.0,5.77,1.07023,0.7239399999999999,0.5302399999999999,0.10500999999999999,0.33075,47.0,6.005,0.88025,0.62366,0.39031,0.09081,0.41473999999999994,42.0,6.08400011062622,1.28464603424072,0.618784427642822,0.40226498246192893,0.0656007081270218,0.416608929634094,35.0,6.322,1.258,0.669,0.35600000000000004,0.059000000000000004,0.311,80.0,5.3389999999999995,1.171,0.828,0.508,0.024,0.26,70.0,5.711,0.938,0.62,0.654,0.126,0.213
56,Croatia,62.0,5.7589999999999995,0.79624,0.78805,0.25883,0.0243,0.054439999999999995,74.0,5.4879999999999995,0.6080899999999999,0.70524,0.23906999999999998,0.04002,0.18434,77.0,5.2930002212524405,0.9679830074310299,0.701288521289825,0.255772292613983,0.0431031100451946,0.248002976179123,82.0,5.321000000000001,1.161,0.737,0.38,0.039,0.12,75.0,5.432,1.266,0.914,0.29600000000000004,0.022000000000000002,0.11900000000000001,47.0,6.125,1.183,0.7090000000000001,0.535,0.0,0.109
58,Russia,64.0,5.716,1.23617,0.6692600000000001,0.36679,0.03005,0.00199,56.0,5.856,1.05261,0.58991,0.32682,0.03586,0.027360000000000002,49.0,5.962999820709231,1.46928238868713,0.547349333763123,0.373783111572266,0.0329628810286522,0.0522638224065304,59.0,5.81,1.479,0.599,0.39899999999999997,0.025,0.065,68.0,5.648,1.452,0.726,0.33399999999999996,0.031,0.08199999999999999,80.0,5.459,1.095,0.586,0.401,0.08,0.11699999999999999
59,Jamaica,65.0,5.709,1.1510200000000002,0.6874100000000001,0.50442,0.02299,0.2123,73.0,5.51,0.96372,0.5946899999999999,0.43596999999999997,0.04294,0.22245,76.0,5.31099987030029,1.3682180643081698,0.6410223841667181,0.474307239055634,0.0552677810192108,0.23381833732128102,56.0,5.89,1.493,0.693,0.575,0.031,0.096,56.0,5.89,1.4780000000000002,0.831,0.49,0.027999999999999997,0.107,63.0,5.85,1.045,0.6459999999999999,0.5670000000000001,0.053,0.08
60,Cyprus,67.0,5.689,0.89318,0.92356,0.40671999999999997,0.06146,0.30638000000000004,69.0,5.546,0.70697,0.8488,0.29507,0.05227999999999999,0.27906,65.0,5.62099981307983,1.13136327266693,0.84471470117569,0.35511153936386103,0.0412379764020443,0.271254301071167,61.0,5.7620000000000005,1.1909999999999998,0.909,0.423,0.035,0.20199999999999999,49.0,6.046,1.2229999999999999,1.042,0.406,0.040999999999999995,0.19,41.0,6.221,0.909,0.8190000000000001,0.44799999999999995,0.062,0.12300000000000001
61,Algeria,68.0,5.605,1.07772,0.61766,0.28579,0.17382999999999998,0.07822,38.0,6.355,0.83309,0.6180399999999999,0.21006,0.16157,0.07044,53.0,5.872000217437741,1.1462174654007,0.6175846457481379,0.233335807919502,0.14609611034393302,0.0694366469979286,84.0,5.295,1.1540000000000001,0.687,0.077,0.135,0.055,88.0,5.211,1.16,0.785,0.086,0.114,0.073,96.0,5.122000000000001,0.97,0.643,0.146,0.15,0.106
62,Kosovo,69.0,5.5889999999999995,0.81198,0.63132,0.24749000000000002,0.04741,0.2831,77.0,5.401,0.66062,0.54,0.14396,0.06547,0.27992,78.0,5.27899980545044,1.1378535032272301,0.541452050209045,0.260287940502167,0.0574716180562973,0.319931447505951,66.0,5.662000000000001,1.23,0.578,0.44799999999999995,0.023,0.27399999999999997,46.0,6.1,1.232,0.758,0.489,0.006,0.262,32.0,6.455,0.9490000000000001,0.569,0.599,0.035,0.309
64,Mauritius,71.0,5.477,0.98521,0.7095,0.56066,0.07521,0.37744,66.0,5.648,0.75695,0.66189,0.46145,0.05202999999999999,0.36951,64.0,5.62900018692017,1.20956099033356,0.6380074620246889,0.491247326135635,0.0421815551817417,0.360933750867844,55.0,5.891,1.3869999999999998,0.684,0.584,0.05,0.245,57.0,5.888,1.402,0.7979999999999999,0.498,0.06,0.215,52.0,6.071000000000001,1.1159999999999999,0.568,0.589,0.107,0.131
65,Estonia,73.0,5.428999999999999,1.22791,0.77361,0.44888,0.15184,0.0868,72.0,5.517,1.0516299999999998,0.68098,0.41511000000000003,0.18519000000000002,0.08423,66.0,5.61100006103516,1.47667109966278,0.695168316364288,0.479131430387497,0.18324892222881303,0.0988908112049103,63.0,5.739,1.5319999999999998,0.737,0.5529999999999999,0.174,0.086,55.0,5.893,1.528,0.8740000000000001,0.495,0.161,0.10300000000000001,36.0,6.341,1.232,0.728,0.6890000000000001,0.33299999999999996,0.12300000000000001
66,Indonesia,74.0,5.399,1.0870799999999998,0.63793,0.46611,0.0,0.51535,79.0,5.314,0.87625,0.49373999999999996,0.39237,0.00322,0.56521,81.0,5.26200008392334,1.2744446992874099,0.49234572052955605,0.443323463201523,0.0153171354904771,0.611704587936401,96.0,5.093,1.215,0.522,0.5379999999999999,0.018000000000000002,0.484,92.0,5.192,1.203,0.66,0.491,0.027999999999999997,0.498,87.0,5.24,0.883,0.539,0.62,0.047,0.46799999999999997
67,Vietnam,75.0,5.36,0.9122600000000001,0.7467600000000001,0.59444,0.10440999999999999,0.1686,96.0,5.061,0.7911699999999999,0.66157,0.5595399999999999,0.11556,0.25075,94.0,5.07399988174438,1.27749133110046,0.6521689891815191,0.571055591106415,0.0876332372426987,0.23496805131435397,95.0,5.103,1.365,0.7020000000000001,0.618,0.079,0.177,94.0,5.175,1.3459999999999999,0.851,0.5429999999999999,0.073,0.147,77.0,5.485,0.932,0.611,0.7070000000000001,0.105,0.14300000000000002
68,Turkey,76.0,5.332000000000001,0.94632,0.73172,0.22815,0.15746,0.12253,78.0,5.388999999999999,0.8771700000000001,0.64718,0.23889000000000002,0.12347999999999999,0.04707,69.0,5.5,1.33775317668915,0.6376056075096129,0.300740599632263,0.0996715798974037,0.0466930419206619,74.0,5.483,1.38,0.6859999999999999,0.324,0.109,0.106,79.0,5.372999999999999,1.36,0.8079999999999999,0.195,0.106,0.083,112.0,4.744,0.865,0.7020000000000001,0.209,0.115,0.087
69,Kyrgyzstan,77.0,5.2860000000000005,1.15115,0.65088,0.43477,0.042319999999999997,0.3003,85.0,5.185,0.95434,0.5544899999999999,0.40212,0.047619999999999996,0.38432,98.0,5.0040001869201705,1.39423859119415,0.553457796573639,0.454943388700485,0.0394391790032387,0.42858037352562,92.0,5.131,1.416,0.594,0.54,0.035,0.281,86.0,5.261,1.4380000000000002,0.723,0.508,0.023,0.3,64.0,5.827999999999999,1.109,0.638,0.693,0.025,0.20800000000000002
70,Nigeria,78.0,5.268,0.9043200000000001,0.16007000000000002,0.34334000000000003,0.0403,0.27233,103.0,4.875,0.64498,0.05108,0.27854,0.0305,0.23219,95.0,5.07399988174438,1.21577048301697,0.0569157302379608,0.394952565431595,0.0261215660721064,0.23094719648361198,91.0,5.155,1.172,0.048,0.462,0.032,0.201,85.0,5.265,1.111,0.245,0.426,0.040999999999999995,0.215,118.0,4.552,0.732,0.3,0.444,0.038,0.175
73,Pakistan,81.0,5.194,0.41411000000000003,0.51466,0.12102,0.10464000000000001,0.33671,92.0,5.132000000000001,0.26135,0.40306,0.14622000000000002,0.1388,0.31185,80.0,5.26900005340576,0.6726906895637509,0.40204778313636796,0.23521526157856,0.12434806674718901,0.31544601917266807,75.0,5.472,0.81,0.424,0.33399999999999996,0.113,0.21600000000000003,67.0,5.653,0.8859999999999999,0.535,0.313,0.098,0.22,121.0,4.516,0.413,0.374,0.44799999999999995,0.11199999999999999,0.18100000000000002
74,Jordan,82.0,5.192,1.05392,0.69639,0.40660999999999997,0.14293,0.11052999999999999,80.0,5.303,0.86216,0.60712,0.36023,0.13297,0.14262,74.0,5.33599996566772,1.2390888929367099,0.6045900583267211,0.418421149253845,0.11980327218771002,0.17217046022415197,90.0,5.1610000000000005,1.265,0.645,0.46799999999999997,0.134,0.13,101.0,4.906000000000001,1.225,0.815,0.38299999999999995,0.13,0.11,134.0,4.152,0.7240000000000001,0.675,0.47600000000000003,0.2,0.057999999999999996
75,Montenegro,82.0,5.192,0.9055700000000001,0.72521,0.1826,0.14296,0.1614,88.0,5.1610000000000005,0.74173,0.6353300000000001,0.15111,0.12721,0.17190999999999998,83.0,5.23699998855591,1.23837649822235,0.6674646735191351,0.194989055395126,0.0881741940975189,0.197911024093628,81.0,5.347,1.2790000000000001,0.7290000000000001,0.259,0.081,0.111,73.0,5.523,1.361,0.871,0.19699999999999998,0.08,0.142,75.0,5.547000000000001,1.023,0.659,0.46,0.077,0.135
76,China,84.0,5.14,0.94675,0.81658,0.5169699999999999,0.02781,0.08185,83.0,5.245,0.79381,0.73561,0.44011999999999996,0.02745,0.049589999999999995,79.0,5.2729997634887695,1.16083741188049,0.741415500640869,0.47278770804405196,0.0227942746132612,0.0288068410009146,86.0,5.246,1.1420000000000001,0.799,0.597,0.10300000000000001,0.028999999999999998,93.0,5.191,1.125,0.893,0.521,0.1,0.057999999999999996,72.0,5.585,0.958,0.705,0.6559999999999999,0.142,0.099
77,Zambia,85.0,5.129,0.91612,0.29924,0.48827,0.12468,0.19591,106.0,4.795,0.6376,0.23573000000000002,0.42662,0.11479,0.17865999999999999,116.0,4.513999938964839,1.00318729877472,0.25783589482307395,0.461603492498398,0.0782135501503944,0.249580144882202,125.0,4.377,1.047,0.295,0.503,0.08199999999999999,0.221,138.0,4.107,1.058,0.426,0.431,0.087,0.247,137.0,3.76,0.5770000000000001,0.306,0.525,0.083,0.203
78,Romania,86.0,5.124,0.8858799999999999,0.7689,0.35068,0.006490000000000001,0.13748,71.0,5.528,0.7280300000000001,0.67602,0.36712,0.006790000000000001,0.12889,57.0,5.824999809265139,1.15009129047394,0.6851583123207089,0.457003742456436,0.0043879006989300294,0.133519917726517,52.0,5.945,1.219,0.726,0.528,0.001,0.08800000000000001,48.0,6.07,1.232,0.825,0.462,0.005,0.083,28.0,6.477,1.006,0.655,0.605,0.006,0.039
79,Serbia,87.0,5.122999999999999,1.0096399999999999,0.74836,0.20107,0.02617,0.19230999999999998,86.0,5.1770000000000005,0.81329,0.6458,0.15718,0.04339,0.20736999999999997,73.0,5.39499998092651,1.2581897974014298,0.65078467130661,0.20871552824974102,0.0409037806093693,0.22012588381767298,78.0,5.398,1.369,0.685,0.28800000000000003,0.043,0.134,70.0,5.603,1.383,0.8540000000000001,0.282,0.039,0.13699999999999998,43.0,6.178,1.0859999999999999,0.6579999999999999,0.546,0.08800000000000001,0.21899999999999997
80,Portugal,88.0,5.102,1.13935,0.8751899999999999,0.51469,0.01078,0.13719,94.0,5.122999999999999,0.9436700000000001,0.7936300000000001,0.44727,0.01521,0.11690999999999999,89.0,5.19500017166138,1.36704301834106,0.795843541622162,0.498465299606323,0.0158694516867399,0.0951027125120163,77.0,5.41,1.429,0.884,0.562,0.017,0.055,66.0,5.693,1.431,0.9990000000000001,0.508,0.025,0.047,56.0,6.016,1.078,0.777,0.655,0.039,0.016
81,Latvia,89.0,5.098,1.09562,0.72437,0.29671,0.06332,0.18225999999999998,68.0,5.56,0.95025,0.63952,0.27996,0.0889,0.17445,54.0,5.849999904632571,1.40471494197845,0.638566970825195,0.32570791244506797,0.0738427266478539,0.153074786067009,53.0,5.933,1.454,0.6709999999999999,0.363,0.066,0.092,53.0,5.94,1.465,0.812,0.264,0.064,0.075,42.0,6.18,1.2209999999999999,0.637,0.502,0.09,0.075
82,Philippines,90.0,5.073,1.03516,0.58114,0.62545,0.12279000000000001,0.24991,82.0,5.279,0.87877,0.47036000000000006,0.5485399999999999,0.11757000000000001,0.21674000000000002,72.0,5.42999982833862,1.25391757488251,0.46800905466079706,0.585214674472809,0.0993318930268288,0.193513423204422,71.0,5.524,1.3119999999999998,0.513,0.643,0.105,0.12,69.0,5.631,1.2930000000000001,0.657,0.5579999999999999,0.107,0.11699999999999999,60.0,5.904,0.912,0.514,0.6779999999999999,0.142,0.107
83,Morocco,92.0,5.013,0.64095,0.60954,0.41691000000000006,0.08546000000000001,0.07172,90.0,5.151,0.38595,0.5947100000000001,0.25645999999999997,0.08404,0.040530000000000004,84.0,5.2350001335144,0.774864435195923,0.59771066904068,0.408158332109451,0.0877631828188896,0.0322099551558495,85.0,5.254,0.797,0.669,0.46,0.07400000000000001,0.026000000000000002,89.0,5.207999999999999,0.782,0.782,0.418,0.076,0.036000000000000004,100.0,5.06,0.268,0.565,0.49200000000000005,0.102,0.02
84,Albania,95.0,4.959,0.8043399999999999,0.81325,0.35733000000000004,0.06412999999999999,0.14272,109.0,4.655,0.50163,0.73007,0.31866,0.05301,0.1684,109.0,4.64400005340576,0.8036852478981021,0.731159746646881,0.381498634815216,0.0398642159998417,0.20131294429302202,112.0,4.586,0.8170000000000001,0.79,0.419,0.032,0.149,107.0,4.718999999999999,0.848,0.8740000000000001,0.38299999999999995,0.027000000000000003,0.17800000000000002,90.0,5.199,0.6459999999999999,0.7190000000000001,0.511,0.027999999999999997,0.138
85,Bosnia and Herzegovina,96.0,4.949,0.9191600000000001,0.79081,0.09245,0.00227,0.24808000000000002,87.0,5.162999999999999,0.64367,0.7076600000000001,0.09511,0.0,0.29889,90.0,5.18200016021729,1.0693359375,0.705186307430267,0.204403176903725,0.0,0.328867495059967,93.0,5.129,1.078,0.758,0.28,0.0,0.21600000000000003,78.0,5.386,1.212,0.845,0.212,0.006,0.263,67.0,5.768,1.068,0.665,0.44799999999999995,0.006,0.244
86,Dominican Republic,98.0,4.885,1.17202,0.66825,0.57672,0.14234000000000002,0.21684,89.0,5.155,0.9949600000000001,0.5766899999999999,0.52259,0.12372000000000001,0.21286,86.0,5.230000019073491,1.4024167060852097,0.574873745441437,0.55258983373642,0.113945253193378,0.186967849731445,83.0,5.3020000000000005,1.4409999999999998,0.614,0.578,0.106,0.12,77.0,5.425,1.401,0.779,0.49700000000000005,0.10099999999999999,0.113,69.0,5.737,1.003,0.5770000000000001,0.606,0.179,0.084
87,Mongolia,100.0,4.874,1.3006,0.60268,0.43626000000000004,0.026660000000000003,0.3323,101.0,4.907,1.0898299999999999,0.55469,0.35972,0.03285,0.34539000000000003,100.0,4.95499992370605,1.4930112361908001,0.557783484458923,0.39414396882057207,0.0329022891819477,0.338464230298996,94.0,5.125,1.517,0.575,0.395,0.032,0.253,83.0,5.285,1.531,0.667,0.317,0.038,0.235,68.0,5.761,1.197,0.467,0.39799999999999996,0.059000000000000004,0.247
88,Greece,102.0,4.857,0.9293299999999999,0.88213,0.07699,0.013969999999999998,0.0,99.0,5.033,0.75473,0.80029,0.05822000000000001,0.04127,0.0,87.0,5.2270002365112305,1.23941457271576,0.8101989030838009,0.0957312509417534,0.043289776891470004,0.0,79.0,5.358,1.202,0.879,0.131,0.044000000000000004,0.0,82.0,5.287000000000001,1.156,0.9990000000000001,0.067,0.034,0.0,58.0,5.9479999999999995,0.98,0.774,0.249,0.10800000000000001,0.015
89,Lebanon,103.0,4.8389999999999995,0.80001,0.83947,0.33916,0.04582,0.21854,93.0,5.129,0.64184,0.76171,0.26228,0.030610000000000002,0.23693000000000003,88.0,5.22499990463257,1.1296242475509601,0.7350810766220089,0.28851598501205394,0.037513829767704,0.26445075869560203,80.0,5.358,1.179,0.785,0.503,0.136,0.214,91.0,5.197,1.224,0.815,0.21600000000000003,0.027000000000000003,0.166,145.0,2.955,0.498,0.631,0.10300000000000001,0.034,0.08199999999999999
90,Hungary,104.0,4.8,1.20215,0.75905,0.32111999999999996,0.02758,0.128,91.0,5.145,0.9316399999999999,0.67608,0.1977,0.044719999999999996,0.099,75.0,5.32399988174438,1.34313309192657,0.6877634525299069,0.17586351931095098,0.0366369374096394,0.0784016624093056,69.0,5.62,1.401,0.732,0.259,0.022000000000000002,0.061,62.0,5.757999999999999,1.41,0.828,0.19899999999999998,0.02,0.081,51.0,6.086,1.2329999999999999,0.6679999999999999,0.485,0.064,0.078
91,Honduras,105.0,4.788,0.9534799999999999,0.6951,0.40148,0.06825,0.23026999999999997,104.0,4.871,0.7559600000000001,0.5838300000000001,0.26755,0.06906,0.2044,91.0,5.1810002326965305,1.14394497871399,0.582569479942322,0.348079860210419,0.0733454525470734,0.23618887364864302,72.0,5.504,1.205,0.622,0.45899999999999996,0.07400000000000001,0.19699999999999998,59.0,5.86,1.236,0.828,0.507,0.078,0.24600000000000002,55.0,6.022,0.885,0.555,0.5820000000000001,0.076,0.20199999999999999
92,Tajikistan,106.0,4.7860000000000005,0.8556299999999999,0.5737899999999999,0.47216,0.15072,0.22974,100.0,4.996,0.75602,0.5311899999999999,0.43408,0.13509000000000002,0.25998000000000004,96.0,5.04099988937378,1.27146327495575,0.5292351245880129,0.47156670689582797,0.14637714624404902,0.24899764358997303,88.0,5.199,1.166,0.598,0.292,0.034,0.187,74.0,5.4670000000000005,1.0979999999999999,0.718,0.389,0.14400000000000002,0.23,83.0,5.377000000000001,1.005,0.518,0.5720000000000001,0.304,0.11800000000000001
93,Tunisia,107.0,4.739,0.60429,0.73793,0.26268,0.06358,0.06431,98.0,5.045,0.43165,0.59577,0.23553000000000002,0.0817,0.03936,102.0,4.80499982833862,0.8683514595031742,0.613212049007416,0.289680689573288,0.0867231488227844,0.0496933571994305,111.0,4.592,0.9059999999999999,0.69,0.271,0.063,0.04,124.0,4.461,1.0,0.815,0.16699999999999998,0.055,0.059000000000000004,120.0,4.516,0.596,0.6559999999999999,0.316,0.028999999999999998,0.028999999999999998
95,Bangladesh,109.0,4.694,0.43106000000000005,0.60164,0.4082,0.12569,0.21222,110.0,4.643,0.24749000000000002,0.52989,0.39778,0.12583,0.19132000000000002,110.0,4.60799980163574,0.735131740570068,0.533241033554077,0.478356659412384,0.123717859387398,0.17225535213947304,115.0,4.5,0.85,0.579,0.58,0.14400000000000002,0.153,125.0,4.456,0.9279999999999999,0.723,0.527,0.14300000000000002,0.166,94.0,5.155,0.614,0.581,0.622,0.187,0.125
96,Iran,110.0,4.686,0.54447,0.69805,0.30033000000000004,0.058629999999999995,0.38086,105.0,4.813,0.38856999999999997,0.64232,0.22544,0.0557,0.38538,108.0,4.69199991226196,0.7115512490272521,0.639333188533783,0.24932260811328896,0.048761073499918005,0.387242913246155,106.0,4.707,0.7709999999999999,0.691,0.45899999999999996,0.129,0.282,117.0,4.548,0.8420000000000001,0.785,0.305,0.125,0.27,110.0,4.888,0.741,0.642,0.281,0.146,0.24100000000000002
97,Ukraine,111.0,4.681,1.20278,0.6739,0.25123,0.02961,0.15275,123.0,4.324,1.01413,0.58628,0.12859,0.01829,0.20363,132.0,4.09600019454956,1.39453756809235,0.575903952121735,0.12297477573156401,0.0230294708162546,0.270061463117599,138.0,4.103,1.413,0.609,0.163,0.011000000000000001,0.187,133.0,4.332,1.39,0.7390000000000001,0.17800000000000002,0.01,0.187,98.0,5.084,1.081,0.583,0.473,0.017,0.188
98,Iraq,112.0,4.677,0.81889,0.60237,0.0,0.13788,0.17922000000000002,112.0,4.575,0.59205,0.51076,0.24856,0.13635999999999998,0.19589,117.0,4.49700021743774,0.978613197803497,0.501180469989777,0.288555532693863,0.10721575468778599,0.19963726401329,117.0,4.456,0.971,0.536,0.304,0.095,0.14800000000000002,126.0,4.437,0.98,0.574,0.24100000000000002,0.08900000000000001,0.14800000000000002,107.0,4.941,0.682,0.5539999999999999,0.32799999999999996,0.046,0.147
99,South Africa,113.0,4.6419999999999995,1.18468,0.27688,0.33207,0.08884,0.11972999999999999,116.0,4.459,0.9605299999999999,0.18611,0.42483000000000004,0.08415,0.13656,101.0,4.8289999961853,1.38478863239288,0.18708007037639604,0.479246735572815,0.0725094974040985,0.13936237990856198,105.0,4.724,1.41,0.33,0.516,0.055999999999999994,0.10300000000000001,106.0,4.7219999999999995,1.351,0.469,0.389,0.055,0.13,91.0,5.194,1.088,0.361,0.442,0.046,0.08900000000000001
100,Ghana,114.0,4.633,0.6795399999999999,0.40131999999999995,0.42341999999999996,0.04355,0.23087,124.0,4.276,0.49353,0.29681,0.40973000000000004,0.0326,0.21203000000000002,131.0,4.11999988555908,0.873664736747742,0.29563772678375205,0.423026293516159,0.0253363698720932,0.25692394375801103,108.0,4.657,0.8959999999999999,0.337,0.499,0.028999999999999998,0.212,98.0,4.996,0.868,0.486,0.381,0.04,0.245,111.0,4.872,0.595,0.409,0.5,0.055999999999999994,0.23
101,Zimbabwe,115.0,4.61,1.0327600000000001,0.33475,0.25861,0.08079,0.18987,131.0,4.1930000000000005,0.71478,0.1595,0.25429,0.08582000000000001,0.18503,138.0,3.875,1.08309590816498,0.19676375389099102,0.336384207010269,0.0953753814101219,0.189143493771553,144.0,3.6919999999999997,1.094,0.248,0.406,0.099,0.132,146.0,3.6630000000000003,1.114,0.433,0.361,0.08900000000000001,0.151,144.0,2.995,0.69,0.27,0.32899999999999996,0.105,0.106
103,India,117.0,4.565,0.38174,0.5152899999999999,0.39786,0.08492000000000001,0.26475,118.0,4.404,0.29247,0.45091000000000003,0.40285,0.08722,0.25028,122.0,4.31500005722046,0.754372596740723,0.455427616834641,0.469987004995346,0.0922268852591515,0.23153848946094502,133.0,4.19,0.747,0.485,0.539,0.09300000000000001,0.172,140.0,4.015,0.765,0.588,0.498,0.085,0.2,136.0,3.7769999999999997,0.376,0.47100000000000003,0.647,0.12300000000000001,0.198
106,Nepal,121.0,4.513999999999999,0.86449,0.5687399999999999,0.38282,0.059070000000000004,0.32295999999999997,107.0,4.793,0.69699,0.50073,0.37012,0.07007999999999999,0.3816,99.0,4.961999893188481,1.17928326129913,0.504130780696869,0.44030594825744607,0.0729755461215973,0.39409616589546204,101.0,4.88,1.228,0.539,0.526,0.078,0.302,100.0,4.913,1.226,0.677,0.439,0.08900000000000001,0.285,84.0,5.377000000000001,0.784,0.499,0.519,0.13,0.237
107,Ethiopia,122.0,4.512,0.60406,0.44055,0.4345,0.15048,0.24325,115.0,4.508,0.37932,0.34578000000000003,0.36703,0.1717,0.29522,119.0,4.46000003814697,0.8646692037582401,0.35340970754623396,0.408842742443085,0.16545571386814098,0.31265074014663696,127.0,4.35,0.95,0.391,0.452,0.146,0.22,134.0,4.2860000000000005,1.033,0.532,0.344,0.1,0.209,131.0,4.2410000000000005,0.809,0.457,0.47200000000000003,0.136,0.205
108,Sierra Leone,123.0,4.507,0.9557100000000001,0.0,0.4084,0.08786000000000001,0.21488000000000002,111.0,4.635,0.628,0.0,0.30685,0.08196,0.23897,106.0,4.70900011062622,0.984136044979095,0.005564753897488121,0.318697690963745,0.0710951760411263,0.293040901422501,113.0,4.571000000000001,0.813,0.0,0.355,0.053,0.23800000000000002,129.0,4.374,0.841,0.242,0.309,0.045,0.252,140.0,3.574,0.41600000000000004,0.273,0.387,0.055,0.20199999999999999
110,Kenya,125.0,4.419,0.99876,0.41435,0.42215,0.05839,0.37542,122.0,4.356,0.7624,0.30146999999999996,0.40576,0.06686,0.41328000000000004,112.0,4.55299997329712,1.0679507255554201,0.30998834967613204,0.45276376605033897,0.0646413192152977,0.444860309362411,124.0,4.41,1.048,0.45399999999999996,0.504,0.055,0.35200000000000004,121.0,4.5089999999999995,0.983,0.581,0.431,0.053,0.37200000000000005,119.0,4.543,0.605,0.401,0.44,0.08199999999999999,0.322
111,Armenia,127.0,4.35,0.7771100000000001,0.7299,0.19847,0.039,0.07855,121.0,4.36,0.6247699999999999,0.64083,0.14037,0.036160000000000005,0.07793,121.0,4.37599992752075,1.00748372077942,0.637524425983429,0.198303267359734,0.0266744215041399,0.0834880918264389,129.0,4.321000000000001,0.99,0.6659999999999999,0.26,0.027999999999999997,0.077,116.0,4.559,1.055,0.815,0.28300000000000003,0.064,0.095,82.0,5.399,0.82,0.6679999999999999,0.5579999999999999,0.21,0.054000000000000006
113,Myanmar,129.0,4.3069999999999995,0.70905,0.48246000000000006,0.44017,0.19034,0.79588,119.0,4.395,0.69981,0.3988,0.42691999999999997,0.20243,0.81971,114.0,4.54500007629395,1.12323594093323,0.397522568702698,0.514492034912109,0.188816204667091,0.8380751609802249,130.0,4.308,1.1740000000000002,0.429,0.58,0.17800000000000002,0.598,131.0,4.36,1.181,0.555,0.525,0.172,0.5660000000000001,126.0,4.394,0.8290000000000001,0.491,0.513,0.19399999999999998,0.452
114,Georgia,130.0,4.297,0.38561999999999996,0.72926,0.40576999999999996,0.38331,0.055470000000000005,126.0,4.252,0.19249000000000002,0.64035,0.32461,0.3188,0.06786,125.0,4.28599977493286,0.57061493396759,0.649546980857849,0.309410035610199,0.25166663527488703,0.0540088154375553,128.0,4.34,0.5920000000000001,0.643,0.375,0.215,0.038,119.0,4.519,0.6659999999999999,0.752,0.34600000000000003,0.16399999999999998,0.043,105.0,4.973,0.612,0.595,0.508,0.20800000000000002,0.0
115,Malawi,131.0,4.292,0.41134,0.22562,0.43054,0.06977,0.33128,132.0,4.156000000000001,0.147,0.29364,0.4143,0.07564,0.30968,136.0,3.97000002861023,0.5125688314437871,0.315089583396912,0.466914653778076,0.0727116540074348,0.28717046976089505,147.0,3.5869999999999997,0.541,0.306,0.531,0.08,0.21,150.0,3.41,0.56,0.495,0.44299999999999995,0.08900000000000001,0.218,138.0,3.75,0.27899999999999997,0.38799999999999996,0.47700000000000004,0.157,0.14
116,Sri Lanka,132.0,4.271,1.01905,0.70806,0.5372600000000001,0.09179,0.40828000000000003,117.0,4.415,0.84783,0.62007,0.50817,0.07964,0.46978000000000003,120.0,4.44000005722046,1.25997638702393,0.625130832195282,0.561213254928589,0.0736539661884308,0.49086356163024897,116.0,4.471,1.314,0.672,0.585,0.05,0.307,130.0,4.3660000000000005,1.265,0.831,0.47,0.047,0.244,127.0,4.362,0.934,0.66,0.529,0.079,0.15
117,Cameroon,133.0,4.252,0.8876700000000001,0.23401999999999998,0.49309,0.05786,0.20618000000000003,114.0,4.513,0.62542,0.12697999999999998,0.42736,0.06126,0.2268,107.0,4.69500017166138,0.946018218994141,0.132892116904259,0.430388748645782,0.0513066314160824,0.23629845678806302,99.0,4.975,0.8909999999999999,0.182,0.45399999999999996,0.043,0.183,96.0,5.044,0.91,0.331,0.381,0.037000000000000005,0.187,102.0,5.048,0.672,0.317,0.397,0.07400000000000001,0.152
118,Bulgaria,134.0,4.218,1.10614,0.76649,0.30587,0.00872,0.11921,129.0,4.217,0.92542,0.67806,0.21219000000000002,0.00615,0.12793,105.0,4.71400022506714,1.4343794584274299,0.708217680454254,0.28923171758651695,0.0110515309497714,0.113177694380283,100.0,4.933,1.515,0.7120000000000001,0.359,0.009000000000000001,0.064,97.0,5.011,1.5130000000000001,0.815,0.311,0.004,0.081,85.0,5.371,1.163,0.64,0.563,0.021,0.12300000000000001
119,Egypt,135.0,4.194,0.747,0.61712,0.17288,0.06324,0.11291,120.0,4.362,0.49813,0.5211600000000001,0.18847,0.10393,0.12705999999999998,104.0,4.7350001335144,0.997471392154694,0.520187258720398,0.28211015462875394,0.114381365478039,0.128631442785263,122.0,4.419,1.025,0.5529999999999999,0.312,0.107,0.092,137.0,4.166,1.0390000000000001,0.644,0.24100000000000002,0.067,0.076,129.0,4.288,0.732,0.5479999999999999,0.469,0.254,0.040999999999999995
121,Mali,138.0,3.995,1.03526,0.20583,0.38856999999999997,0.12352,0.18798,135.0,4.073,0.8633299999999999,0.16347,0.27544,0.13647,0.21064000000000002,127.0,4.19000005722046,1.2814733982086202,0.16936567425727803,0.306613743305206,0.10497024655342098,0.183354198932648,118.0,4.447,1.2329999999999999,0.152,0.36700000000000005,0.055999999999999994,0.139,128.0,4.39,1.105,0.308,0.327,0.052000000000000005,0.153,123.0,4.479,0.483,0.311,0.35,0.042,0.128
123,Uganda,141.0,3.931,1.13299,0.33860999999999997,0.45726999999999995,0.07267,0.29066,145.0,3.739,0.90981,0.19625,0.43653000000000003,0.06442,0.27102,133.0,4.08099985122681,1.12982773780823,0.21763260662555703,0.443185955286026,0.057069718837738,0.32576605677604703,135.0,4.1610000000000005,1.09,0.237,0.45,0.061,0.259,136.0,4.189,1.069,0.44299999999999995,0.35600000000000004,0.06,0.252,117.0,4.603,0.875,0.418,0.402,0.066,0.222
124,Senegal,142.0,3.904,0.97619,0.4354,0.36772,0.10712999999999999,0.20843000000000003,128.0,4.218999999999999,0.7741600000000001,0.40457,0.31056,0.11681,0.19103,115.0,4.53499984741211,1.17969191074371,0.409362852573395,0.37792226672172496,0.11546044796705199,0.183468893170357,109.0,4.631,1.117,0.433,0.406,0.08199999999999999,0.138,111.0,4.681,1.1340000000000001,0.5710000000000001,0.292,0.07200000000000001,0.153,103.0,5.046,0.53,0.447,0.494,0.081,0.14300000000000002
125,Gabon,143.0,3.8960000000000004,0.90528,0.43372,0.31914000000000003,0.11091,0.06822,134.0,4.121,0.72368,0.3494,0.28098,0.09314,0.062439999999999996,118.0,4.46500015258789,1.1556202173233001,0.35657858848571794,0.31232857704162603,0.0760467872023582,0.0437853783369064,103.0,4.758,1.1640000000000001,0.40399999999999997,0.35600000000000004,0.052000000000000005,0.032,104.0,4.7989999999999995,1.183,0.5710000000000001,0.295,0.055,0.043,106.0,4.958,0.738,0.396,0.34299999999999997,0.099,0.032
127,Cambodia,145.0,3.819,0.62736,0.61114,0.66246,0.07247,0.40359,140.0,3.907,0.5375,0.42494,0.5885199999999999,0.08092,0.40339,129.0,4.1680002212524405,1.00623834133148,0.429783403873444,0.633375823497772,0.0681059509515762,0.385922968387604,120.0,4.433,1.088,0.457,0.696,0.065,0.256,109.0,4.7,1.122,0.637,0.609,0.062,0.23199999999999998,114.0,4.64,0.732,0.505,0.74,0.068,0.166
128,Tanzania,146.0,3.781,1.00268,0.38215,0.32878,0.05747000000000001,0.34376999999999996,149.0,3.6660000000000004,0.77623,0.35700000000000004,0.3176,0.05099,0.31472,153.0,3.34899997711182,1.04198980331421,0.364509284496307,0.390017777681351,0.0660351067781448,0.354256361722946,153.0,3.303,0.991,0.381,0.48100000000000004,0.09699999999999999,0.27,153.0,3.2310000000000003,0.885,0.499,0.41700000000000004,0.147,0.276,139.0,3.702,0.597,0.425,0.578,0.27,0.248
131,Guinea,150.0,3.656,0.46475,0.24009,0.37725,0.12139000000000001,0.28657,151.0,3.6069999999999998,0.3109,0.18829,0.30953,0.1192,0.29914,149.0,3.50699996948242,0.7912446856498722,0.194129139184952,0.348587512969971,0.110937617719173,0.264815092086792,140.0,3.964,0.792,0.21100000000000002,0.39399999999999996,0.094,0.185,118.0,4.534,0.8290000000000001,0.375,0.332,0.086,0.207,109.0,4.891,0.5660000000000001,0.275,0.33399999999999996,0.11599999999999999,0.214
132,Ivory Coast,151.0,3.655,0.77115,0.15185,0.46866,0.17922000000000002,0.20165,139.0,3.9160000000000004,0.57576,0.04476,0.40663,0.1553,0.20338,128.0,4.17999982833862,0.904780030250549,0.0486421696841717,0.4477061927318571,0.130061775445938,0.201237469911575,107.0,4.671,0.872,0.08,0.467,0.10300000000000001,0.146,99.0,4.944,0.8079999999999999,0.23199999999999998,0.35200000000000004,0.09,0.154,88.0,5.235,0.442,0.322,0.451,0.124,0.149
133,Burkina Faso,152.0,3.5869999999999997,0.85188,0.27125,0.39493,0.12832000000000002,0.21746999999999997,145.0,3.739,0.63054,0.21297,0.3337,0.12533,0.24353000000000002,134.0,4.03200006484985,1.04328000545502,0.21584425866603896,0.32436785101890603,0.12032810598611803,0.250864684581757,121.0,4.4239999999999995,1.097,0.254,0.312,0.128,0.175,115.0,4.587,1.056,0.38,0.255,0.113,0.177,113.0,4.67,0.565,0.32,0.382,0.126,0.18600000000000003
134,Afghanistan,153.0,3.575,0.30285,0.30335,0.23414000000000001,0.09719,0.3651,154.0,3.36,0.11037000000000001,0.17344,0.1643,0.07112,0.31268,141.0,3.7939999103546103,0.581543326377869,0.18074677884578697,0.106179520487785,0.0611578300595284,0.311870932579041,145.0,3.6319999999999997,0.537,0.255,0.085,0.036000000000000004,0.191,154.0,3.2030000000000003,0.517,0.361,0.0,0.025,0.158,146.0,2.404,0.0,0.289,0.0,0.005,0.08900000000000001
136,Benin,155.0,3.34,0.35386,0.3191,0.4845,0.0801,0.1826,153.0,3.484,0.10419,0.21028000000000002,0.39747,0.06681000000000001,0.2018,143.0,3.65700006484985,0.43529984354972795,0.20993021130561804,0.42596277594566295,0.0609290152788162,0.207948461174965,136.0,4.141,0.37200000000000005,0.24,0.44,0.067,0.163,102.0,4.883,0.43700000000000006,0.397,0.349,0.08199999999999999,0.175,115.0,4.623,0.064,0.335,0.479,0.23,0.127
139,Togo,158.0,2.839,0.13995,0.28443,0.36453,0.10730999999999999,0.16680999999999999,155.0,3.303,0.0,0.24811,0.34678000000000003,0.11587,0.17517,150.0,3.4949998855590803,0.4318825304508211,0.247105568647385,0.38042613863945,0.0956650152802467,0.19689615070819896,139.0,3.9989999999999997,0.474,0.253,0.434,0.10099999999999999,0.158,139.0,4.085,0.5720000000000001,0.41,0.293,0.085,0.177,135.0,4.112,0.322,0.36,0.292,0.132,0.174
